{"cameraMode":{"drawMode":0,"name":"Shaded","section":"Shading Mode"},"sceneLighting":true,"audioPlay":false,"sceneViewState":{"showFog":true,"showMaterialUpdate":false,"showSkybox":true,"showFlares":true,"showImageEffects":true,"showParticleSystems":true},"in2DMode":false,"pivot":{"x":2.3399999141693117,"y":1.2000000476837159,"z":2.369999885559082},"rotation":{"x":-0.02437850460410118,"y":0.9737687110900879,"z":-0.1266242265701294,"w":-0.18747596442699433},"size":22.0,"orthographic":false}